                  epoch,         train/box_loss,         train/cls_loss,         train/dfl_loss,   metrics/precision(B),      metrics/recall(B),       metrics/mAP50(B),    metrics/mAP50-95(B),           val/box_loss,           val/cls_loss,           val/dfl_loss,                 lr/pg0,                 lr/pg1,                 lr/pg2
                      1,                 4.8592,                  5.508,                 4.1854,                      0,                      0,                      0,                      0,                  5.291,                 5.7937,                 4.1515,              6.575e-05,              6.575e-05,              6.575e-05
                      2,                 4.9002,                 5.2008,                  4.088,                      0,                      0,                      0,                      0,                 5.2787,                 5.7844,                 4.1229,             0.00010757,             0.00010757,             0.00010757
                      3,                 4.7926,                 4.6649,                 3.9465,                      0,                      0,                      0,                      0,                 5.2698,                 5.8625,                 4.1323,             0.00012232,             0.00012232,             0.00012232
                      4,                 4.5863,                 4.2227,                 3.8376,                      0,                      0,                      0,                      0,                 5.2702,                 6.1884,                 4.2592,             0.00010678,             0.00010678,             0.00010678
                      5,                 4.3762,                 3.9775,                 3.7376,                0.00047,                0.00349,                0.00047,                0.00016,                 4.8344,                 4.5799,                 3.8316,             0.00010678,             0.00010678,             0.00010678
